-- V2 — DEMO company seed: 8 departments, 20 positions, 50 employees.
-- Generated by scripts/seed/generate_seed.py. DEMO DATA — safe to drop.
-- UUIDs are fixed so hrms_user accounts can link via users.employee_id.

INSERT INTO departments (id, name, code, parent_id, created_by) VALUES
  ('11111111-1111-1111-1111-000000000001', 'Управление', 'EXEC', NULL, 'seed'),
  ('11111111-1111-1111-1111-000000000002', 'Отдел кадров', 'HR', '11111111-1111-1111-1111-000000000001', 'seed'),
  ('11111111-1111-1111-1111-000000000003', 'Финансовый отдел', 'FIN', '11111111-1111-1111-1111-000000000001', 'seed'),
  ('11111111-1111-1111-1111-000000000004', 'Разработка', 'ENG', '11111111-1111-1111-1111-000000000001', 'seed'),
  ('11111111-1111-1111-1111-000000000005', 'Продажи', 'SALES', '11111111-1111-1111-1111-000000000001', 'seed'),
  ('11111111-1111-1111-1111-000000000006', 'Маркетинг', 'MKT', '11111111-1111-1111-1111-000000000001', 'seed'),
  ('11111111-1111-1111-1111-000000000007', 'Операционный отдел', 'OPS', '11111111-1111-1111-1111-000000000001', 'seed'),
  ('11111111-1111-1111-1111-000000000008', 'Поддержка клиентов', 'SUP', '11111111-1111-1111-1111-000000000007', 'seed');

INSERT INTO positions (id, title, department_id, min_salary, max_salary, created_by) VALUES
  ('22222222-2222-2222-2222-000000000001', 'Генеральный директор', '11111111-1111-1111-1111-000000000001', 1200000, 1500000, 'seed'),
  ('22222222-2222-2222-2222-000000000002', 'HR-менеджер', '11111111-1111-1111-1111-000000000002', 500000, 700000, 'seed'),
  ('22222222-2222-2222-2222-000000000003', 'HR-специалист', '11111111-1111-1111-1111-000000000002', 300000, 450000, 'seed'),
  ('22222222-2222-2222-2222-000000000004', 'Финансовый директор', '11111111-1111-1111-1111-000000000003', 900000, 1200000, 'seed'),
  ('22222222-2222-2222-2222-000000000005', 'Бухгалтер', '11111111-1111-1111-1111-000000000003', 400000, 600000, 'seed'),
  ('22222222-2222-2222-2222-000000000006', 'Руководитель разработки', '11111111-1111-1111-1111-000000000004', 900000, 1200000, 'seed'),
  ('22222222-2222-2222-2222-000000000007', 'Senior-разработчик', '11111111-1111-1111-1111-000000000004', 700000, 1000000, 'seed'),
  ('22222222-2222-2222-2222-000000000008', 'Middle-разработчик', '11111111-1111-1111-1111-000000000004', 450000, 700000, 'seed'),
  ('22222222-2222-2222-2222-000000000009', 'Junior-разработчик', '11111111-1111-1111-1111-000000000004', 250000, 450000, 'seed'),
  ('22222222-2222-2222-2222-000000000010', 'QA-инженер', '11111111-1111-1111-1111-000000000004', 350000, 550000, 'seed'),
  ('22222222-2222-2222-2222-000000000011', 'DevOps-инженер', '11111111-1111-1111-1111-000000000004', 600000, 900000, 'seed'),
  ('22222222-2222-2222-2222-000000000012', 'Руководитель продаж', '11111111-1111-1111-1111-000000000005', 700000, 1000000, 'seed'),
  ('22222222-2222-2222-2222-000000000013', 'Менеджер по продажам', '11111111-1111-1111-1111-000000000005', 300000, 600000, 'seed'),
  ('22222222-2222-2222-2222-000000000014', 'Руководитель маркетинга', '11111111-1111-1111-1111-000000000006', 700000, 950000, 'seed'),
  ('22222222-2222-2222-2222-000000000015', 'Маркетолог', '11111111-1111-1111-1111-000000000006', 350000, 550000, 'seed'),
  ('22222222-2222-2222-2222-000000000016', 'Операционный директор', '11111111-1111-1111-1111-000000000007', 800000, 1100000, 'seed'),
  ('22222222-2222-2222-2222-000000000017', 'Специалист по логистике', '11111111-1111-1111-1111-000000000007', 350000, 500000, 'seed'),
  ('22222222-2222-2222-2222-000000000018', 'Руководитель поддержки', '11111111-1111-1111-1111-000000000008', 450000, 650000, 'seed'),
  ('22222222-2222-2222-2222-000000000019', 'Специалист поддержки', '11111111-1111-1111-1111-000000000008', 250000, 400000, 'seed'),
  ('22222222-2222-2222-2222-000000000020', 'Системный администратор', '11111111-1111-1111-1111-000000000007', 400000, 600000, 'seed');

INSERT INTO employees (id, employee_number, first_name, last_name, iin, email, phone,
    date_of_birth, gender, hire_date, status, employment_type,
    department_id, position_id, manager_id, base_salary, is_resident, disability_group, created_by) VALUES
  ('33333333-3333-3333-3333-000000000001', 'EMP-2026-001', 'Нурсултан', 'Абдразаков', '870202300013', 'nursultan.abdrazakov@hrms.kz', '+77701234567', '1978-02-02', 'MALE', '2022-02-02', 'ACTIVE', 'FULL_TIME', '11111111-1111-1111-1111-000000000001', '22222222-2222-2222-2222-000000000001', NULL, 1260000, TRUE, 'NONE', 'seed'),
  ('33333333-3333-3333-3333-000000000002', 'EMP-2026-002', 'Айгерим', 'Касымова', '940303400026', 'aigerim.kassymova@hrms.kz', '+77702469134', '1981-03-03', 'FEMALE', '2023-03-03', 'ACTIVE', 'FULL_TIME', '11111111-1111-1111-1111-000000000002', '22222222-2222-2222-2222-000000000002', '33333333-3333-3333-3333-000000000001', 580000, TRUE, 'NONE', 'seed'),
  ('33333333-3333-3333-3333-000000000003', 'EMP-2026-003', 'Данияр', 'Сейтказин', '010404300039', 'daniyar.seitkazin@hrms.kz', '+77703703701', '1984-04-04', 'MALE', '2024-04-04', 'ACTIVE', 'FULL_TIME', '11111111-1111-1111-1111-000000000002', '22222222-2222-2222-2222-000000000003', '33333333-3333-3333-3333-000000000002', 390000, TRUE, 'NONE', 'seed'),
  ('33333333-3333-3333-3333-000000000004', 'EMP-2026-004', 'Аружан', 'Жумабекова', '080505400042', 'aruzhan.zhumabekova@hrms.kz', '+77704938268', '1987-05-05', 'FEMALE', '2025-05-05', 'ACTIVE', 'FULL_TIME', '11111111-1111-1111-1111-000000000002', '22222222-2222-2222-2222-000000000003', '33333333-3333-3333-3333-000000000002', 420000, TRUE, 'NONE', 'seed'),
  ('33333333-3333-3333-3333-000000000005', 'EMP-2026-005', 'Ержан', 'Тулегенов', '150606300055', 'yerzhan.tulegenov@hrms.kz', '+77706172835', '1990-06-06', 'MALE', '2021-06-06', 'ACTIVE', 'FULL_TIME', '11111111-1111-1111-1111-000000000003', '22222222-2222-2222-2222-000000000004', '33333333-3333-3333-3333-000000000001', 1200000, TRUE, 'NONE', 'seed'),
  ('33333333-3333-3333-3333-000000000006', 'EMP-2026-006', 'Сабина', 'Оспанова', '220707400068', 'sabina.ospanova@hrms.kz', '+77707407402', '1993-07-07', 'FEMALE', '2022-07-07', 'ACTIVE', 'FULL_TIME', '11111111-1111-1111-1111-000000000003', '22222222-2222-2222-2222-000000000005', '33333333-3333-3333-3333-000000000005', 400000, TRUE, 'NONE', 'seed'),
  ('33333333-3333-3333-3333-000000000007', 'EMP-2026-007', 'Тимур', 'Ахметов', '290808300071', 'timur.akhmetov@hrms.kz', '+77708641969', '1996-08-08', 'MALE', '2023-08-08', 'ACTIVE', 'FULL_TIME', '11111111-1111-1111-1111-000000000003', '22222222-2222-2222-2222-000000000005', '33333333-3333-3333-3333-000000000005', 440000, TRUE, 'NONE', 'seed'),
  ('33333333-3333-3333-3333-000000000008', 'EMP-2026-008', 'Алибек', 'Нурланов', '360909300084', 'alibek.nurlanov@hrms.kz', '+77709876536', '1999-09-09', 'MALE', '2024-09-09', 'ACTIVE', 'FULL_TIME', '11111111-1111-1111-1111-000000000004', '22222222-2222-2222-2222-000000000006', '33333333-3333-3333-3333-000000000001', 1020000, TRUE, 'NONE', 'seed'),
  ('33333333-3333-3333-3333-000000000009', 'EMP-2026-009', 'Мадина', 'Сулейменова', '431010400097', 'madina.suleimenova@hrms.kz', '+77711111103', '2002-10-10', 'FEMALE', '2025-10-10', 'ACTIVE', 'FULL_TIME', '11111111-1111-1111-1111-000000000004', '22222222-2222-2222-2222-000000000007', '33333333-3333-3333-3333-000000000008', 880000, TRUE, 'NONE', 'seed'),
  ('33333333-3333-3333-3333-000000000010', 'EMP-2026-010', 'Арман', 'Бекжанов', '501111300100', 'arman.bekzhanov@hrms.kz', '+77712345670', '1977-11-11', 'MALE', '2021-11-11', 'ACTIVE', 'FULL_TIME', '11111111-1111-1111-1111-000000000004', '22222222-2222-2222-2222-000000000007', '33333333-3333-3333-3333-000000000008', 940000, TRUE, 'NONE', 'seed'),
  ('33333333-3333-3333-3333-000000000011', 'EMP-2026-011', 'Дамир', 'Исмаилов', '571212300113', 'damir.ismailov@hrms.kz', '+77713580237', '1980-12-12', 'MALE', '2022-12-12', 'ACTIVE', 'FULL_TIME', '11111111-1111-1111-1111-000000000004', '22222222-2222-2222-2222-000000000008', '33333333-3333-3333-3333-000000000009', 700000, TRUE, 'NONE', 'seed'),
  ('33333333-3333-3333-3333-000000000012', 'EMP-2026-012', 'Камила', 'Ерланова', '640113400126', 'kamila.yerlanova@hrms.kz', '+77714814804', '1983-01-13', 'FEMALE', '2023-01-13', 'ACTIVE', 'FULL_TIME', '11111111-1111-1111-1111-000000000004', '22222222-2222-2222-2222-000000000008', '33333333-3333-3333-3333-000000000009', 450000, TRUE, 'NONE', 'seed'),
  ('33333333-3333-3333-3333-000000000013', 'EMP-2026-013', 'Руслан', 'Жаксыбеков', '710214300139', 'ruslan.zhaksybekov@hrms.kz', '+77716049371', '1986-02-14', 'MALE', '2024-02-14', 'ACTIVE', 'FULL_TIME', '11111111-1111-1111-1111-000000000004', '22222222-2222-2222-2222-000000000008', '33333333-3333-3333-3333-000000000009', 500000, TRUE, 'NONE', 'seed'),
  ('33333333-3333-3333-3333-000000000014', 'EMP-2026-014', 'Аян', 'Серикбаев', '780315300142', 'ayan.serikbayev@hrms.kz', '+77717283938', '1989-03-15', 'MALE', '2025-03-15', 'ACTIVE', 'FULL_TIME', '11111111-1111-1111-1111-000000000004', '22222222-2222-2222-2222-000000000008', '33333333-3333-3333-3333-000000000010', 550000, TRUE, 'NONE', 'seed'),
  ('33333333-3333-3333-3333-000000000015', 'EMP-2026-015', 'Дина', 'Маратова', '850416400155', 'dina.maratova@hrms.kz', '+77718518505', '1992-04-16', 'FEMALE', '2021-04-16', 'ACTIVE', 'FULL_TIME', '11111111-1111-1111-1111-000000000004', '22222222-2222-2222-2222-000000000008', '33333333-3333-3333-3333-000000000010', 600000, TRUE, 'NONE', 'seed'),
  ('33333333-3333-3333-3333-000000000016', 'EMP-2026-016', 'Бекзат', 'Алимов', '920517300168', 'bekzat.alimov@hrms.kz', '+77719753072', '1995-05-17', 'MALE', '2022-05-17', 'ACTIVE', 'FULL_TIME', '11111111-1111-1111-1111-000000000004', '22222222-2222-2222-2222-000000000008', '33333333-3333-3333-3333-000000000010', 650000, TRUE, 'NONE', 'seed'),
  ('33333333-3333-3333-3333-000000000017', 'EMP-2026-017', 'Жанель', 'Кенжебекова', '990618400171', 'zhanel.kenzhebekova@hrms.kz', '+77720987639', '1998-06-18', 'FEMALE', '2023-06-18', 'ACTIVE', 'FULL_TIME', '11111111-1111-1111-1111-000000000004', '22222222-2222-2222-2222-000000000009', '33333333-3333-3333-3333-000000000009', 450000, TRUE, 'NONE', 'seed'),
  ('33333333-3333-3333-3333-000000000018', 'EMP-2026-018', 'Олжас', 'Дюсенов', '060719300184', 'olzhas.dyusenov@hrms.kz', '+77722222206', '2001-07-19', 'MALE', '2024-07-19', 'ACTIVE', 'FULL_TIME', '11111111-1111-1111-1111-000000000004', '22222222-2222-2222-2222-000000000009', '33333333-3333-3333-3333-000000000010', 250000, TRUE, 'NONE', 'seed'),
  ('33333333-3333-3333-3333-000000000019', 'EMP-2026-019', 'Айбек', 'Турсынов', '130820300197', 'aibek.tursynov@hrms.kz', '+77723456773', '1976-08-20', 'MALE', '2025-08-20', 'ACTIVE', 'INTERN', '11111111-1111-1111-1111-000000000004', '22222222-2222-2222-2222-000000000009', '33333333-3333-3333-3333-000000000009', 290000, TRUE, 'NONE', 'seed'),
  ('33333333-3333-3333-3333-000000000020', 'EMP-2026-020', 'Сания', 'Габдуллина', '200921400200', 'saniya.gabdullina@hrms.kz', '+77724691340', '1979-09-21', 'FEMALE', '2021-09-21', 'ACTIVE', 'INTERN', '11111111-1111-1111-1111-000000000004', '22222222-2222-2222-2222-000000000009', '33333333-3333-3333-3333-000000000010', 330000, TRUE, 'NONE', 'seed'),
  ('33333333-3333-3333-3333-000000000021', 'EMP-2026-021', 'Нурлан', 'Койшыбаев', '271022300213', 'nurlan.koishybayev@hrms.kz', '+77725925907', '1982-10-22', 'MALE', '2022-10-22', 'ACTIVE', 'FULL_TIME', '11111111-1111-1111-1111-000000000004', '22222222-2222-2222-2222-000000000010', '33333333-3333-3333-3333-000000000008', 470000, TRUE, 'NONE', 'seed'),
  ('33333333-3333-3333-3333-000000000022', 'EMP-2026-022', 'Алия', 'Рахимова', '341123400226', 'aliya.rakhimova@hrms.kz', '+77727160474', '1985-11-23', 'FEMALE', '2023-11-23', 'ACTIVE', 'FULL_TIME', '11111111-1111-1111-1111-000000000004', '22222222-2222-2222-2222-000000000010', '33333333-3333-3333-3333-000000000008', 510000, TRUE, 'NONE', 'seed'),
  ('33333333-3333-3333-3333-000000000023', 'EMP-2026-023', 'Канат', 'Бейсенов', '411224300239', 'kanat.beisenov@hrms.kz', '+77728395041', '1988-12-24', 'MALE', '2024-12-24', 'ACTIVE', 'FULL_TIME', '11111111-1111-1111-1111-000000000004', '22222222-2222-2222-2222-000000000011', '33333333-3333-3333-3333-000000000008', 900000, TRUE, 'NONE', 'seed'),
  ('33333333-3333-3333-3333-000000000024', 'EMP-2026-024', 'Жанна', 'Аскарова', '480125400242', 'zhanna.askarova@hrms.kz', '+77729629608', '1991-01-25', 'FEMALE', '2025-01-25', 'ACTIVE', 'FULL_TIME', '11111111-1111-1111-1111-000000000005', '22222222-2222-2222-2222-000000000012', '33333333-3333-3333-3333-000000000001', 700000, TRUE, 'NONE', 'seed'),
  ('33333333-3333-3333-3333-000000000025', 'EMP-2026-025', 'Самат', 'Орынбаев', '550226300255', 'samat.orynbayev@hrms.kz', '+77730864175', '1994-02-26', 'MALE', '2021-02-26', 'ACTIVE', 'FULL_TIME', '11111111-1111-1111-1111-000000000005', '22222222-2222-2222-2222-000000000013', '33333333-3333-3333-3333-000000000024', 360000, TRUE, 'NONE', 'seed'),
  ('33333333-3333-3333-3333-000000000026', 'EMP-2026-026', 'Динара', 'Шаймерденова', '620327400268', 'dinara.shaimerdenova@hrms.kz', '+77732098742', '1997-03-27', 'FEMALE', '2022-03-27', 'ACTIVE', 'FULL_TIME', '11111111-1111-1111-1111-000000000005', '22222222-2222-2222-2222-000000000013', '33333333-3333-3333-3333-000000000024', 420000, TRUE, 'NONE', 'seed'),
  ('33333333-3333-3333-3333-000000000027', 'EMP-2026-027', 'Азамат', 'Кудайбергенов', '690401300271', 'azamat.kudaibergenov@hrms.kz', '+77733333309', '2000-04-01', 'MALE', '2023-04-01', 'ACTIVE', 'FULL_TIME', '11111111-1111-1111-1111-000000000005', '22222222-2222-2222-2222-000000000013', '33333333-3333-3333-3333-000000000024', 480000, TRUE, 'NONE', 'seed'),
  ('33333333-3333-3333-3333-000000000028', 'EMP-2026-028', 'Лаура', 'Бектурганова', '760502400284', 'laura.bekturganova@hrms.kz', '+77734567876', '1975-05-02', 'FEMALE', '2024-05-02', 'ACTIVE', 'FULL_TIME', '11111111-1111-1111-1111-000000000005', '22222222-2222-2222-2222-000000000013', '33333333-3333-3333-3333-000000000024', 540000, TRUE, 'NONE', 'seed'),
  ('33333333-3333-3333-3333-000000000029', 'EMP-2026-029', 'Ескендир', 'Молдабеков', '830603300297', 'yeskendir.moldabekov@hrms.kz', '+77735802443', '1978-06-03', 'MALE', '2025-06-03', 'ACTIVE', 'FULL_TIME', '11111111-1111-1111-1111-000000000005', '22222222-2222-2222-2222-000000000013', '33333333-3333-3333-3333-000000000024', 600000, TRUE, 'NONE', 'seed'),
  ('33333333-3333-3333-3333-000000000030', 'EMP-2026-030', 'Гульнара', 'Сатпаева', '900704400300', 'gulnara.satpayeva@hrms.kz', '+77737037010', '1981-07-04', 'FEMALE', '2021-07-04', 'ACTIVE', 'PART_TIME', '11111111-1111-1111-1111-000000000005', '22222222-2222-2222-2222-000000000013', '33333333-3333-3333-3333-000000000024', 300000, TRUE, 'NONE', 'seed'),
  ('33333333-3333-3333-3333-000000000031', 'EMP-2026-031', 'Бауыржан', 'Темиров', '970805300313', 'bauyrzhan.temirov@hrms.kz', '+77738271577', '1984-08-05', 'MALE', '2022-08-05', 'ACTIVE', 'FULL_TIME', '11111111-1111-1111-1111-000000000005', '22222222-2222-2222-2222-000000000013', '33333333-3333-3333-3333-000000000024', 360000, TRUE, 'NONE', 'seed'),
  ('33333333-3333-3333-3333-000000000032', 'EMP-2026-032', 'Асель', 'Нургалиева', '040906400326', 'assel.nurgaliyeva@hrms.kz', '+77739506144', '1987-09-06', 'FEMALE', '2023-09-06', 'ACTIVE', 'FULL_TIME', '11111111-1111-1111-1111-000000000005', '22222222-2222-2222-2222-000000000013', '33333333-3333-3333-3333-000000000024', 420000, TRUE, 'NONE', 'seed'),
  ('33333333-3333-3333-3333-000000000033', 'EMP-2026-033', 'Марат', 'Жунусов', '111007300339', 'marat.zhunussov@hrms.kz', '+77740740711', '1990-10-07', 'MALE', '2024-10-07', 'ACTIVE', 'FULL_TIME', '11111111-1111-1111-1111-000000000006', '22222222-2222-2222-2222-000000000014', '33333333-3333-3333-3333-000000000001', 850000, TRUE, 'NONE', 'seed'),
  ('33333333-3333-3333-3333-000000000034', 'EMP-2026-034', 'Индира', 'Сапарова', '181108400342', 'indira.saparova@hrms.kz', '+77741975278', '1993-11-08', 'FEMALE', '2025-11-08', 'ACTIVE', 'FULL_TIME', '11111111-1111-1111-1111-000000000006', '22222222-2222-2222-2222-000000000015', '33333333-3333-3333-3333-000000000033', 510000, TRUE, 'NONE', 'seed'),
  ('33333333-3333-3333-3333-000000000035', 'EMP-2026-035', 'Талгат', 'Ибраев', '251209300355', 'talgat.ibrayev@hrms.kz', '+77743209845', '1996-12-09', 'MALE', '2021-12-09', 'ACTIVE', 'FULL_TIME', '11111111-1111-1111-1111-000000000006', '22222222-2222-2222-2222-000000000015', '33333333-3333-3333-3333-000000000033', 550000, TRUE, 'NONE', 'seed'),
  ('33333333-3333-3333-3333-000000000036', 'EMP-2026-036', 'Карина', 'Досжанова', '320110400368', 'karina.doszhanova@hrms.kz', '+77744444412', '1999-01-10', 'FEMALE', '2022-01-10', 'ACTIVE', 'FULL_TIME', '11111111-1111-1111-1111-000000000006', '22222222-2222-2222-2222-000000000015', '33333333-3333-3333-3333-000000000033', 350000, TRUE, 'NONE', 'seed'),
  ('33333333-3333-3333-3333-000000000037', 'EMP-2026-037', 'Ильяс', 'Мухамеджанов', '390211300371', 'ilyas.mukhamedzhanov@hrms.kz', '+77745678979', '2002-02-11', 'MALE', '2023-02-11', 'ACTIVE', 'PART_TIME', '11111111-1111-1111-1111-000000000006', '22222222-2222-2222-2222-000000000015', '33333333-3333-3333-3333-000000000033', 390000, TRUE, 'NONE', 'seed'),
  ('33333333-3333-3333-3333-000000000038', 'EMP-2026-038', 'Жомарт', 'Калиев', '460312300384', 'zhomart.kaliyev@hrms.kz', '+77746913546', '1977-03-12', 'MALE', '2024-03-12', 'ACTIVE', 'FULL_TIME', '11111111-1111-1111-1111-000000000007', '22222222-2222-2222-2222-000000000016', '33333333-3333-3333-3333-000000000001', 920000, TRUE, 'NONE', 'seed'),
  ('33333333-3333-3333-3333-000000000039', 'EMP-2026-039', 'Айдана', 'Естаева', '530413400397', 'aidana.yestayeva@hrms.kz', '+77748148113', '1980-04-13', 'FEMALE', '2025-04-13', 'ACTIVE', 'FULL_TIME', '11111111-1111-1111-1111-000000000007', '22222222-2222-2222-2222-000000000017', '33333333-3333-3333-3333-000000000038', 440000, TRUE, 'NONE', 'seed'),
  ('33333333-3333-3333-3333-000000000040', 'EMP-2026-040', 'Санжар', 'Омаров', '600514300400', 'sanzhar.omarov@hrms.kz', '+77749382680', '1983-05-14', 'MALE', '2021-05-14', 'ACTIVE', 'FULL_TIME', '11111111-1111-1111-1111-000000000007', '22222222-2222-2222-2222-000000000017', '33333333-3333-3333-3333-000000000038', 470000, TRUE, 'NONE', 'seed'),
  ('33333333-3333-3333-3333-000000000041', 'EMP-2026-041', 'Меруерт', 'Жанатова', '670615400413', 'meruyert.zhanatova@hrms.kz', '+77750617247', '1986-06-15', 'FEMALE', '2022-06-15', 'ACTIVE', 'FULL_TIME', '11111111-1111-1111-1111-000000000007', '22222222-2222-2222-2222-000000000017', '33333333-3333-3333-3333-000000000038', 500000, TRUE, 'NONE', 'seed'),
  ('33333333-3333-3333-3333-000000000042', 'EMP-2026-042', 'Дастан', 'Кубенов', '740716300426', 'dastan.kubenov@hrms.kz', '+77751851814', '1989-07-16', 'MALE', '2023-07-16', 'ACTIVE', 'FULL_TIME', '11111111-1111-1111-1111-000000000007', '22222222-2222-2222-2222-000000000020', '33333333-3333-3333-3333-000000000038', 400000, TRUE, 'NONE', 'seed'),
  ('33333333-3333-3333-3333-000000000043', 'EMP-2026-043', 'Алтынай', 'Болатова', '810817400439', 'altynai.bolatova@hrms.kz', '+77753086381', '1992-08-17', 'FEMALE', '2024-08-17', 'ACTIVE', 'FULL_TIME', '11111111-1111-1111-1111-000000000008', '22222222-2222-2222-2222-000000000018', '33333333-3333-3333-3333-000000000038', 490000, TRUE, 'NONE', 'seed'),
  ('33333333-3333-3333-3333-000000000044', 'EMP-2026-044', 'Рустем', 'Адилов', '880918300442', 'rustem.adilov@hrms.kz', '+77754320948', '1995-09-18', 'MALE', '2025-09-18', 'ACTIVE', 'FULL_TIME', '11111111-1111-1111-1111-000000000008', '22222222-2222-2222-2222-000000000019', '33333333-3333-3333-3333-000000000043', 310000, TRUE, 'NONE', 'seed'),
  ('33333333-3333-3333-3333-000000000045', 'EMP-2026-045', 'Венера', 'Ташенова', '951019400455', 'venera.tashenova@hrms.kz', '+77755555515', '1998-10-19', 'FEMALE', '2021-10-19', 'ACTIVE', 'FULL_TIME', '11111111-1111-1111-1111-000000000008', '22222222-2222-2222-2222-000000000019', '33333333-3333-3333-3333-000000000043', 340000, TRUE, 'NONE', 'seed'),
  ('33333333-3333-3333-3333-000000000046', 'EMP-2026-046', 'Кайрат', 'Смагулов', '021120300468', 'kairat.smagulov@hrms.kz', '+77756790082', '2001-11-20', 'MALE', '2022-11-20', 'ACTIVE', 'FULL_TIME', '11111111-1111-1111-1111-000000000008', '22222222-2222-2222-2222-000000000019', '33333333-3333-3333-3333-000000000043', 370000, TRUE, 'NONE', 'seed'),
  ('33333333-3333-3333-3333-000000000047', 'EMP-2026-047', 'Назым', 'Айтжанова', '091221400471', 'nazym.aitzhanova@hrms.kz', '+77758024649', '1976-12-21', 'FEMALE', '2023-12-21', 'ACTIVE', 'FULL_TIME', '11111111-1111-1111-1111-000000000008', '22222222-2222-2222-2222-000000000019', '33333333-3333-3333-3333-000000000043', 400000, TRUE, 'NONE', 'seed'),
  ('33333333-3333-3333-3333-000000000048', 'EMP-2026-048', 'Ерлан', 'Каримов', '160122300484', 'yerlan.karimov@hrms.kz', '+77759259216', '1979-01-22', 'MALE', '2024-01-22', 'ACTIVE', 'FULL_TIME', '11111111-1111-1111-1111-000000000008', '22222222-2222-2222-2222-000000000019', '33333333-3333-3333-3333-000000000043', 250000, TRUE, 'NONE', 'seed'),
  ('33333333-3333-3333-3333-000000000049', 'EMP-2026-049', 'Сауле', 'Жолдасова', '230223400497', 'saule.zholdassova@hrms.kz', '+77760493783', '1982-02-23', 'FEMALE', '2025-02-23', 'ACTIVE', 'PART_TIME', '11111111-1111-1111-1111-000000000008', '22222222-2222-2222-2222-000000000019', '33333333-3333-3333-3333-000000000043', 280000, TRUE, 'NONE', 'seed'),
  ('33333333-3333-3333-3333-000000000050', 'EMP-2026-050', 'Багдат', 'Сериков', '300324300500', 'bagdat.serikov@hrms.kz', '+77761728350', '1985-03-24', 'MALE', '2021-03-24', 'ACTIVE', 'FULL_TIME', '11111111-1111-1111-1111-000000000008', '22222222-2222-2222-2222-000000000019', '33333333-3333-3333-3333-000000000043', 310000, TRUE, 'GROUP_3', 'seed');

-- Department heads (circular FK resolved after employees exist).
UPDATE departments SET manager_id = '33333333-3333-3333-3333-000000000001' WHERE id = '11111111-1111-1111-1111-000000000001';
UPDATE departments SET manager_id = '33333333-3333-3333-3333-000000000002' WHERE id = '11111111-1111-1111-1111-000000000002';
UPDATE departments SET manager_id = '33333333-3333-3333-3333-000000000005' WHERE id = '11111111-1111-1111-1111-000000000003';
UPDATE departments SET manager_id = '33333333-3333-3333-3333-000000000008' WHERE id = '11111111-1111-1111-1111-000000000004';
UPDATE departments SET manager_id = '33333333-3333-3333-3333-000000000024' WHERE id = '11111111-1111-1111-1111-000000000005';
UPDATE departments SET manager_id = '33333333-3333-3333-3333-000000000033' WHERE id = '11111111-1111-1111-1111-000000000006';
UPDATE departments SET manager_id = '33333333-3333-3333-3333-000000000038' WHERE id = '11111111-1111-1111-1111-000000000007';
UPDATE departments SET manager_id = '33333333-3333-3333-3333-000000000043' WHERE id = '11111111-1111-1111-1111-000000000008';
